index,id,userId,title,body,name,email
0,1,1,sunt aut facere repellat provident occaecati excepturi optio reprehenderit,"quia et suscipit
suscipit recusandae consequuntur expedita et cum
reprehenderit molestiae ut ut quas totam
nostrum rerum est autem sunt rem eveniet architecto",Leanne Graham,Sincere@april.biz
1,2,1,qui est esse,"est rerum tempore vitae
sequi sint nihil reprehenderit dolor beatae ea dolores neque
fugiat blanditiis voluptate porro vel nihil molestiae ut reiciendis
qui aperiam non debitis possimus qui neque nisi nulla",Leanne Graham,Sincere@april.biz
2,3,1,ea molestias quasi exercitationem repellat qui ipsa sit aut,"et iusto sed quo iure
voluptatem occaecati omnis eligendi aut ad
voluptatem doloribus vel accusantium quis pariatur
molestiae porro eius odio et labore et velit aut",Leanne Graham,Sincere@april.biz
3,4,1,eum et est occaecati,"ullam et saepe reiciendis voluptatem adipisci
sit amet autem assumenda provident rerum culpa
quis hic commodi nesciunt rem tenetur doloremque ipsam iure
quis sunt voluptatem rerum illo velit",Leanne Graham,Sincere@april.biz
4,5,1,nesciunt quas odio,"repudiandae veniam quaerat sunt sed
alias aut fugiat sit autem sed est
voluptatem omnis possimus esse voluptatibus quis
est aut tenetur dolor neque",Leanne Graham,Sincere@april.biz
5,6,1,dolorem eum magni eos aperiam quia,"ut aspernatur corporis harum nihil quis provident sequi
mollitia nobis aliquid molestiae
perspiciatis et ea nemo ab reprehenderit accusantium quas
voluptate dolores velit et doloremque molestiae",Leanne Graham,Sincere@april.biz
6,7,1,magnam facilis autem,"dolore placeat quibusdam ea quo vitae
magni quis enim qui quis quo nemo aut saepe
quidem repellat excepturi ut quia
sunt ut sequi eos ea sed quas",Leanne Graham,Sincere@april.biz
7,8,1,dolorem dolore est ipsam,"dignissimos aperiam dolorem qui eum
facilis quibusdam animi sint suscipit qui sint possimus cum
quaerat magni maiores excepturi
ipsam ut commodi dolor voluptatum modi aut vitae",Leanne Graham,Sincere@april.biz
8,9,1,nesciunt iure omnis dolorem tempora et accusantium,"consectetur animi nesciunt iure dolore
enim quia ad
veniam autem ut quam aut nobis
et est aut quod aut provident voluptas autem voluptas",Leanne Graham,Sincere@april.biz
9,10,1,optio molestias id quia eum,"quo et expedita modi cum officia vel magni
doloribus qui repudiandae
vero nisi sit
quos veniam quod sed accusamus veritatis error",Leanne Graham,Sincere@april.biz
10,11,2,et ea vero quia laudantium autem,"delectus reiciendis molestiae occaecati non minima eveniet qui voluptatibus
accusamus in eum beatae sit
vel qui neque voluptates ut commodi qui incidunt
ut animi commodi",Ervin Howell,Shanna@melissa.tv
11,12,2,in quibusdam tempore odit est dolorem,"itaque id aut magnam
praesentium quia et ea odit et ea voluptas et
sapiente quia nihil amet occaecati quia id voluptatem
incidunt ea est distinctio odio",Ervin Howell,Shanna@melissa.tv
12,13,2,dolorum ut in voluptas mollitia et saepe quo animi,"aut dicta possimus sint mollitia voluptas commodi quo doloremque
iste corrupti reiciendis voluptatem eius rerum
sit cumque quod eligendi laborum minima
perferendis recusandae assumenda consectetur porro architecto ipsum ipsam",Ervin Howell,Shanna@melissa.tv
13,14,2,voluptatem eligendi optio,"fuga et accusamus dolorum perferendis illo voluptas
non doloremque neque facere
ad qui dolorum molestiae beatae
sed aut voluptas totam sit illum",Ervin Howell,Shanna@melissa.tv
14,15,2,eveniet quod temporibus,"reprehenderit quos placeat
velit minima officia dolores impedit repudiandae molestiae nam
voluptas recusandae quis delectus
officiis harum fugiat vitae",Ervin Howell,Shanna@melissa.tv
15,16,2,sint suscipit perspiciatis velit dolorum rerum ipsa laboriosam odio,"suscipit nam nisi quo aperiam aut
asperiores eos fugit maiores voluptatibus quia
voluptatem quis ullam qui in alias quia est
consequatur magni mollitia accusamus ea nisi voluptate dicta",Ervin Howell,Shanna@melissa.tv
16,17,2,fugit voluptas sed molestias voluptatem provident,"eos voluptas et aut odit natus earum
aspernatur fuga molestiae ullam
deserunt ratione qui eos
qui nihil ratione nemo velit ut aut id quo",Ervin Howell,Shanna@melissa.tv
17,18,2,voluptate et itaque vero tempora molestiae,"eveniet quo quis
laborum totam consequatur non dolor
ut et est repudiandae
est voluptatem vel debitis et magnam",Ervin Howell,Shanna@melissa.tv
18,19,2,adipisci placeat illum aut reiciendis qui,"illum quis cupiditate provident sit magnam
ea sed aut omnis
veniam maiores ullam consequatur atque
adipisci quo iste expedita sit quos voluptas",Ervin Howell,Shanna@melissa.tv
19,20,2,doloribus ad provident suscipit at,"qui consequuntur ducimus possimus quisquam amet similique
suscipit porro ipsam amet
eos veritatis officiis exercitationem vel fugit aut necessitatibus totam
omnis rerum consequatur expedita quidem cumque explicabo",Ervin Howell,Shanna@melissa.tv
20,21,3,asperiores ea ipsam voluptatibus modi minima quia sint,"repellat aliquid praesentium dolorem quo
sed totam minus non itaque
nihil labore molestiae sunt dolor eveniet hic recusandae veniam
tempora et tenetur expedita sunt",Clementine Bauch,Nathan@yesenia.net
21,22,3,dolor sint quo a velit explicabo quia nam,"eos qui et ipsum ipsam suscipit aut
sed omnis non odio
expedita earum mollitia molestiae aut atque rem suscipit
nam impedit esse",Clementine Bauch,Nathan@yesenia.net
22,23,3,maxime id vitae nihil numquam,"veritatis unde neque eligendi
quae quod architecto quo neque vitae
est illo sit tempora doloremque fugit quod
et et vel beatae sequi ullam sed tenetur perspiciatis",Clementine Bauch,Nathan@yesenia.net
23,24,3,autem hic labore sunt dolores incidunt,"enim et ex nulla
omnis voluptas quia qui
voluptatem consequatur numquam aliquam sunt
totam recusandae id dignissimos aut sed asperiores deserunt",Clementine Bauch,Nathan@yesenia.net
24,25,3,rem alias distinctio quo quis,"ullam consequatur ut
omnis quis sit vel consequuntur
ipsa eligendi ipsum molestiae et omnis error nostrum
molestiae illo tempore quia et distinctio",Clementine Bauch,Nathan@yesenia.net
25,26,3,est et quae odit qui non,"similique esse doloribus nihil accusamus
omnis dolorem fuga consequuntur reprehenderit fugit recusandae temporibus
perspiciatis cum ut laudantium
omnis aut molestiae vel vero",Clementine Bauch,Nathan@yesenia.net
26,27,3,quasi id et eos tenetur aut quo autem,"eum sed dolores ipsam sint possimus debitis occaecati
debitis qui qui et
ut placeat enim earum aut odit facilis
consequatur suscipit necessitatibus rerum sed inventore temporibus consequatur",Clementine Bauch,Nathan@yesenia.net
27,28,3,delectus ullam et corporis nulla voluptas sequi,"non et quaerat ex quae ad maiores
maiores recusandae totam aut blanditiis mollitia quas illo
ut voluptatibus voluptatem
similique nostrum eum",Clementine Bauch,Nathan@yesenia.net
28,29,3,iusto eius quod necessitatibus culpa ea,"odit magnam ut saepe sed non qui
tempora atque nihil
accusamus illum doloribus illo dolor
eligendi repudiandae odit magni similique sed cum maiores",Clementine Bauch,Nathan@yesenia.net
29,30,3,a quo magni similique perferendis,"alias dolor cumque
impedit blanditiis non eveniet odio maxime
blanditiis amet eius quis tempora quia autem rem
a provident perspiciatis quia",Clementine Bauch,Nathan@yesenia.net
30,31,4,ullam ut quidem id aut vel consequuntur,"debitis eius sed quibusdam non quis consectetur vitae
impedit ut qui consequatur sed aut in
quidem sit nostrum et maiores adipisci atque
quaerat voluptatem adipisci repudiandae",Patricia Lebsack,Julianne.OConner@kory.org
31,32,4,doloremque illum aliquid sunt,"deserunt eos nobis asperiores et hic
est debitis repellat molestiae optio
nihil ratione ut eos beatae quibusdam distinctio maiores
earum voluptates et aut adipisci ea maiores voluptas maxime",Patricia Lebsack,Julianne.OConner@kory.org
32,33,4,qui explicabo molestiae dolorem,"rerum ut et numquam laborum odit est sit
id qui sint in
quasi tenetur tempore aperiam et quaerat qui in
rerum officiis sequi cumque quod",Patricia Lebsack,Julianne.OConner@kory.org
33,34,4,magnam ut rerum iure,"ea velit perferendis earum ut voluptatem voluptate itaque iusto
totam pariatur in
nemo voluptatem voluptatem autem magni tempora minima in
est distinctio qui assumenda accusamus dignissimos officia nesciunt nobis",Patricia Lebsack,Julianne.OConner@kory.org
34,35,4,id nihil consequatur molestias animi provident,"nisi error delectus possimus ut eligendi vitae
placeat eos harum cupiditate facilis reprehenderit voluptatem beatae
modi ducimus quo illum voluptas eligendi
et nobis quia fugit",Patricia Lebsack,Julianne.OConner@kory.org
35,36,4,fuga nam accusamus voluptas reiciendis itaque,"ad mollitia et omnis minus architecto odit
voluptas doloremque maxime aut non ipsa qui alias veniam
blanditiis culpa aut quia nihil cumque facere et occaecati
qui aspernatur quia eaque ut aperiam inventore",Patricia Lebsack,Julianne.OConner@kory.org
36,37,4,provident vel ut sit ratione est,"debitis et eaque non officia sed nesciunt pariatur vel
voluptatem iste vero et ea
numquam aut expedita ipsum nulla in
voluptates omnis consequatur aut enim officiis in quam qui",Patricia Lebsack,Julianne.OConner@kory.org
37,38,4,explicabo et eos deleniti nostrum ab id repellendus,"animi esse sit aut sit nesciunt assumenda eum voluptas
quia voluptatibus provident quia necessitatibus ea
rerum repudiandae quia voluptatem delectus fugit aut id quia
ratione optio eos iusto veniam iure",Patricia Lebsack,Julianne.OConner@kory.org
38,39,4,eos dolorem iste accusantium est eaque quam,"corporis rerum ducimus vel eum accusantium
maxime aspernatur a porro possimus iste omnis
est in deleniti asperiores fuga aut
voluptas sapiente vel dolore minus voluptatem incidunt ex",Patricia Lebsack,Julianne.OConner@kory.org
39,40,4,enim quo cumque,"ut voluptatum aliquid illo tenetur nemo sequi quo facilis
ipsum rem optio mollitia quas
voluptatem eum voluptas qui
unde omnis voluptatem iure quasi maxime voluptas nam",Patricia Lebsack,Julianne.OConner@kory.org
40,41,5,non est facere,"molestias id nostrum
excepturi molestiae dolore omnis repellendus quaerat saepe
consectetur iste quaerat tenetur asperiores accusamus ex ut
nam quidem est ducimus sunt debitis saepe",Chelsey Dietrich,Lucio_Hettinger@annie.ca
41,42,5,commodi ullam sint et excepturi error explicabo praesentium voluptas,"odio fugit voluptatum ducimus earum autem est incidunt voluptatem
odit reiciendis aliquam sunt sequi nulla dolorem
non facere repellendus voluptates quia
ratione harum vitae ut",Chelsey Dietrich,Lucio_Hettinger@annie.ca
42,43,5,eligendi iste nostrum consequuntur adipisci praesentium sit beatae perferendis,"similique fugit est
illum et dolorum harum et voluptate eaque quidem
exercitationem quos nam commodi possimus cum odio nihil nulla
dolorum exercitationem magnam ex et a et distinctio debitis",Chelsey Dietrich,Lucio_Hettinger@annie.ca
43,44,5,optio dolor molestias sit,"temporibus est consectetur dolore
et libero debitis vel velit laboriosam quia
ipsum quibusdam qui itaque fuga rem aut
ea et iure quam sed maxime ut distinctio quae",Chelsey Dietrich,Lucio_Hettinger@annie.ca
44,45,5,ut numquam possimus omnis eius suscipit laudantium iure,"est natus reiciendis nihil possimus aut provident
ex et dolor
repellat pariatur est
nobis rerum repellendus dolorem autem",Chelsey Dietrich,Lucio_Hettinger@annie.ca
45,46,5,aut quo modi neque nostrum ducimus,"voluptatem quisquam iste
voluptatibus natus officiis facilis dolorem
quis quas ipsam
vel et voluptatum in aliquid",Chelsey Dietrich,Lucio_Hettinger@annie.ca
46,47,5,quibusdam cumque rem aut deserunt,"voluptatem assumenda ut qui ut cupiditate aut impedit veniam
occaecati nemo illum voluptatem laudantium
molestiae beatae rerum ea iure soluta nostrum
eligendi et voluptate",Chelsey Dietrich,Lucio_Hettinger@annie.ca
47,48,5,ut voluptatem illum ea doloribus itaque eos,"voluptates quo voluptatem facilis iure occaecati
vel assumenda rerum officia et
illum perspiciatis ab deleniti
laudantium repellat ad ut et autem reprehenderit",Chelsey Dietrich,Lucio_Hettinger@annie.ca
48,49,5,laborum non sunt aut ut assumenda perspiciatis voluptas,"inventore ab sint
natus fugit id nulla sequi architecto nihil quaerat
eos tenetur in in eum veritatis non
quibusdam officiis aspernatur cumque aut commodi aut",Chelsey Dietrich,Lucio_Hettinger@annie.ca
49,50,5,repellendus qui recusandae incidunt voluptates tenetur qui omnis exercitationem,"error suscipit maxime adipisci consequuntur recusandae
voluptas eligendi et est et voluptates
quia distinctio ab amet quaerat molestiae et vitae
adipisci impedit sequi nesciunt quis consectetur",Chelsey Dietrich,Lucio_Hettinger@annie.ca
50,51,6,soluta aliquam aperiam consequatur illo quis voluptas,"sunt dolores aut doloribus
dolore doloribus voluptates tempora et
doloremque et quo
cum asperiores sit consectetur dolorem",Mrs. Dennis Schulist,Karley_Dach@jasper.info
51,52,6,qui enim et consequuntur quia animi quis voluptate quibusdam,"iusto est quibusdam fuga quas quaerat molestias
a enim ut sit accusamus enim
temporibus iusto accusantium provident architecto
soluta esse reprehenderit qui laborum",Mrs. Dennis Schulist,Karley_Dach@jasper.info
52,53,6,ut quo aut ducimus alias,"minima harum praesentium eum rerum illo dolore
quasi exercitationem rerum nam
porro quis neque quo
consequatur minus dolor quidem veritatis sunt non explicabo similique",Mrs. Dennis Schulist,Karley_Dach@jasper.info
53,54,6,sit asperiores ipsam eveniet odio non quia,"totam corporis dignissimos
vitae dolorem ut occaecati accusamus
ex velit deserunt
et exercitationem vero incidunt corrupti mollitia",Mrs. Dennis Schulist,Karley_Dach@jasper.info
54,55,6,sit vel voluptatem et non libero,"debitis excepturi ea perferendis harum libero optio
eos accusamus cum fuga ut sapiente repudiandae
et ut incidunt omnis molestiae
nihil ut eum odit",Mrs. Dennis Schulist,Karley_Dach@jasper.info
55,56,6,qui et at rerum necessitatibus,"aut est omnis dolores
neque rerum quod ea rerum velit pariatur beatae excepturi
et provident voluptas corrupti
corporis harum reprehenderit dolores eligendi",Mrs. Dennis Schulist,Karley_Dach@jasper.info
56,57,6,sed ab est est,"at pariatur consequuntur earum quidem
quo est laudantium soluta voluptatem
qui ullam et est
et cum voluptas voluptatum repellat est",Mrs. Dennis Schulist,Karley_Dach@jasper.info
57,58,6,voluptatum itaque dolores nisi et quasi,"veniam voluptatum quae adipisci id
et id quia eos ad et dolorem
aliquam quo nisi sunt eos impedit error
ad similique veniam",Mrs. Dennis Schulist,Karley_Dach@jasper.info
58,59,6,qui commodi dolor at maiores et quis id accusantium,"perspiciatis et quam ea autem temporibus non voluptatibus qui
beatae a earum officia nesciunt dolores suscipit voluptas et
animi doloribus cum rerum quas et magni
et hic ut ut commodi expedita sunt",Mrs. Dennis Schulist,Karley_Dach@jasper.info
59,60,6,consequatur placeat omnis quisquam quia reprehenderit fugit veritatis facere,"asperiores sunt ab assumenda cumque modi velit
qui esse omnis
voluptate et fuga perferendis voluptas
illo ratione amet aut et omnis",Mrs. Dennis Schulist,Karley_Dach@jasper.info
60,61,7,voluptatem doloribus consectetur est ut ducimus,"ab nemo optio odio
delectus tenetur corporis similique nobis repellendus rerum omnis facilis
vero blanditiis debitis in nesciunt doloribus dicta dolores
magnam minus velit",Kurtis Weissnat,Telly.Hoeger@billy.biz
61,62,7,beatae enim quia vel,"enim aspernatur illo distinctio quae praesentium
beatae alias amet delectus qui voluptate distinctio
odit sint accusantium autem omnis
quo molestiae omnis ea eveniet optio",Kurtis Weissnat,Telly.Hoeger@billy.biz
62,63,7,voluptas blanditiis repellendus animi ducimus error sapiente et suscipit,"enim adipisci aspernatur nemo
numquam omnis facere dolorem dolor ex quis temporibus incidunt
ab delectus culpa quo reprehenderit blanditiis asperiores
accusantium ut quam in voluptatibus voluptas ipsam dicta",Kurtis Weissnat,Telly.Hoeger@billy.biz
63,64,7,et fugit quas eum in in aperiam quod,"id velit blanditiis
eum ea voluptatem
molestiae sint occaecati est eos perspiciatis
incidunt a error provident eaque aut aut qui",Kurtis Weissnat,Telly.Hoeger@billy.biz
64,65,7,consequatur id enim sunt et et,"voluptatibus ex esse
sint explicabo est aliquid cumque adipisci fuga repellat labore
molestiae corrupti ex saepe at asperiores et perferendis
natus id esse incidunt pariatur",Kurtis Weissnat,Telly.Hoeger@billy.biz
65,66,7,repudiandae ea animi iusto,"officia veritatis tenetur vero qui itaque
sint non ratione
sed et ut asperiores iusto eos molestiae nostrum
veritatis quibusdam et nemo iusto saepe",Kurtis Weissnat,Telly.Hoeger@billy.biz
66,67,7,aliquid eos sed fuga est maxime repellendus,"reprehenderit id nostrum
voluptas doloremque pariatur sint et accusantium quia quod aspernatur
et fugiat amet
non sapiente et consequatur necessitatibus molestiae",Kurtis Weissnat,Telly.Hoeger@billy.biz
67,68,7,odio quis facere architecto reiciendis optio,"magnam molestiae perferendis quisquam
qui cum reiciendis
quaerat animi amet hic inventore
ea quia deleniti quidem saepe porro velit",Kurtis Weissnat,Telly.Hoeger@billy.biz
68,69,7,fugiat quod pariatur odit minima,"officiis error culpa consequatur modi asperiores et
dolorum assumenda voluptas et vel qui aut vel rerum
voluptatum quisquam perspiciatis quia rerum consequatur totam quas
sequi commodi repudiandae asperiores et saepe a",Kurtis Weissnat,Telly.Hoeger@billy.biz
69,70,7,voluptatem laborum magni,"sunt repellendus quae
est asperiores aut deleniti esse accusamus repellendus quia aut
quia dolorem unde
eum tempora esse dolore",Kurtis Weissnat,Telly.Hoeger@billy.biz
70,71,8,et iusto veniam et illum aut fuga,"occaecati a doloribus
iste saepe consectetur placeat eum voluptate dolorem et
qui quo quia voluptas
rerum ut id enim velit est perferendis",Nicholas Runolfsdottir V,Sherwood@rosamond.me
71,72,8,sint hic doloribus consequatur eos non id,"quam occaecati qui deleniti consectetur
consequatur aut facere quas exercitationem aliquam hic voluptas
neque id sunt ut aut accusamus
sunt consectetur expedita inventore velit",Nicholas Runolfsdottir V,Sherwood@rosamond.me
72,73,8,consequuntur deleniti eos quia temporibus ab aliquid at,"voluptatem cumque tenetur consequatur expedita ipsum nemo quia explicabo
aut eum minima consequatur
tempore cumque quae est et
et in consequuntur voluptatem voluptates aut",Nicholas Runolfsdottir V,Sherwood@rosamond.me
73,74,8,enim unde ratione doloribus quas enim ut sit sapiente,"odit qui et et necessitatibus sint veniam
mollitia amet doloremque molestiae commodi similique magnam et quam
blanditiis est itaque
quo et tenetur ratione occaecati molestiae tempora",Nicholas Runolfsdottir V,Sherwood@rosamond.me
74,75,8,dignissimos eum dolor ut enim et delectus in,"commodi non non omnis et voluptas sit
autem aut nobis magnam et sapiente voluptatem
et laborum repellat qui delectus facilis temporibus
rerum amet et nemo voluptate expedita adipisci error dolorem",Nicholas Runolfsdottir V,Sherwood@rosamond.me
75,76,8,doloremque officiis ad et non perferendis,"ut animi facere
totam iusto tempore
molestiae eum aut et dolorem aperiam
quaerat recusandae totam odio",Nicholas Runolfsdottir V,Sherwood@rosamond.me
76,77,8,necessitatibus quasi exercitationem odio,"modi ut in nulla repudiandae dolorum nostrum eos
aut consequatur omnis
ut incidunt est omnis iste et quam
voluptates sapiente aliquam asperiores nobis amet corrupti repudiandae provident",Nicholas Runolfsdottir V,Sherwood@rosamond.me
77,78,8,quam voluptatibus rerum veritatis,"nobis facilis odit tempore cupiditate quia
assumenda doloribus rerum qui ea
illum et qui totam
aut veniam repellendus",Nicholas Runolfsdottir V,Sherwood@rosamond.me
78,79,8,pariatur consequatur quia magnam autem omnis non amet,"libero accusantium et et facere incidunt sit dolorem
non excepturi qui quia sed laudantium
quisquam molestiae ducimus est
officiis esse molestiae iste et quos",Nicholas Runolfsdottir V,Sherwood@rosamond.me
79,80,8,labore in ex et explicabo corporis aut quas,"ex quod dolorem ea eum iure qui provident amet
quia qui facere excepturi et repudiandae
asperiores molestias provident
minus incidunt vero fugit rerum sint sunt excepturi provident",Nicholas Runolfsdottir V,Sherwood@rosamond.me
80,81,9,tempora rem veritatis voluptas quo dolores vero,"facere qui nesciunt est voluptatum voluptatem nisi
sequi eligendi necessitatibus ea at rerum itaque
harum non ratione velit laboriosam quis consequuntur
ex officiis minima doloremque voluptas ut aut",Glenna Reichert,Chaim_McDermott@dana.io
81,82,9,laudantium voluptate suscipit sunt enim enim,"ut libero sit aut totam inventore sunt
porro sint qui sunt molestiae
consequatur cupiditate qui iste ducimus adipisci
dolor enim assumenda soluta laboriosam amet iste delectus hic",Glenna Reichert,Chaim_McDermott@dana.io
82,83,9,odit et voluptates doloribus alias odio et,"est molestiae facilis quis tempora numquam nihil qui
voluptate sapiente consequatur est qui
necessitatibus autem aut ipsa aperiam modi dolore numquam
reprehenderit eius rem quibusdam",Glenna Reichert,Chaim_McDermott@dana.io
83,84,9,optio ipsam molestias necessitatibus occaecati facilis veritatis dolores aut,"sint molestiae magni a et quos
eaque et quasi
ut rerum debitis similique veniam
recusandae dignissimos dolor incidunt consequatur odio",Glenna Reichert,Chaim_McDermott@dana.io
84,85,9,dolore veritatis porro provident adipisci blanditiis et sunt,"similique sed nisi voluptas iusto omnis
mollitia et quo
assumenda suscipit officia magnam sint sed tempora
enim provident pariatur praesentium atque animi amet ratione",Glenna Reichert,Chaim_McDermott@dana.io
85,86,9,placeat quia et porro iste,"quasi excepturi consequatur iste autem temporibus sed molestiae beatae
et quaerat et esse ut
voluptatem occaecati et vel explicabo autem
asperiores pariatur deserunt optio",Glenna Reichert,Chaim_McDermott@dana.io
86,87,9,nostrum quis quasi placeat,"eos et molestiae
nesciunt ut a
dolores perspiciatis repellendus repellat aliquid
magnam sint rem ipsum est",Glenna Reichert,Chaim_McDermott@dana.io
87,88,9,sapiente omnis fugit eos,"consequatur omnis est praesentium
ducimus non iste
neque hic deserunt
voluptatibus veniam cum et rerum sed",Glenna Reichert,Chaim_McDermott@dana.io
88,89,9,sint soluta et vel magnam aut ut sed qui,"repellat aut aperiam totam temporibus autem et
architecto magnam ut
consequatur qui cupiditate rerum quia soluta dignissimos nihil iure
tempore quas est",Glenna Reichert,Chaim_McDermott@dana.io
89,90,9,ad iusto omnis odit dolor voluptatibus,"minus omnis soluta quia
qui sed adipisci voluptates illum ipsam voluptatem
eligendi officia ut in
eos soluta similique molestias praesentium blanditiis",Glenna Reichert,Chaim_McDermott@dana.io
90,91,10,aut amet sed,"libero voluptate eveniet aperiam sed
sunt placeat suscipit molestias
similique fugit nam natus
expedita consequatur consequatur dolores quia eos et placeat",Clementina DuBuque,Rey.Padberg@karina.biz
91,92,10,ratione ex tenetur perferendis,"aut et excepturi dicta laudantium sint rerum nihil
laudantium et at
a neque minima officia et similique libero et
commodi voluptate qui",Clementina DuBuque,Rey.Padberg@karina.biz
92,93,10,beatae soluta recusandae,"dolorem quibusdam ducimus consequuntur dicta aut quo laboriosam
voluptatem quis enim recusandae ut sed sunt
nostrum est odit totam
sit error sed sunt eveniet provident qui nulla",Clementina DuBuque,Rey.Padberg@karina.biz
93,94,10,qui qui voluptates illo iste minima,"aspernatur expedita soluta quo ab ut similique
expedita dolores amet
sed temporibus distinctio magnam saepe deleniti
omnis facilis nam ipsum natus sint similique omnis",Clementina DuBuque,Rey.Padberg@karina.biz
94,95,10,id minus libero illum nam ad officiis,"earum voluptatem facere provident blanditiis velit laboriosam
pariatur accusamus odio saepe
cumque dolor qui a dicta ab doloribus consequatur omnis
corporis cupiditate eaque assumenda ad nesciunt",Clementina DuBuque,Rey.Padberg@karina.biz
95,96,10,quaerat velit veniam amet cupiditate aut numquam ut sequi,"in non odio excepturi sint eum
labore voluptates vitae quia qui et
inventore itaque rerum
veniam non exercitationem delectus aut",Clementina DuBuque,Rey.Padberg@karina.biz
96,97,10,quas fugiat ut perspiciatis vero provident,"eum non blanditiis soluta porro quibusdam voluptas
vel voluptatem qui placeat dolores qui velit aut
vel inventore aut cumque culpa explicabo aliquid at
perspiciatis est et voluptatem dignissimos dolor itaque sit nam",Clementina DuBuque,Rey.Padberg@karina.biz
97,98,10,laboriosam dolor voluptates,"doloremque ex facilis sit sint culpa
soluta assumenda eligendi non ut eius
sequi ducimus vel quasi
veritatis est dolores",Clementina DuBuque,Rey.Padberg@karina.biz
98,99,10,temporibus sit alias delectus eligendi possimus magni,"quo deleniti praesentium dicta non quod
aut est molestias
molestias et officia quis nihil
itaque dolorem quia",Clementina DuBuque,Rey.Padberg@karina.biz
99,100,10,at nam consequatur ea labore ea harum,"cupiditate quo est a modi nesciunt soluta
ipsa voluptas error itaque dicta in
autem qui minus magnam et distinctio eum
accusamus ratione error aut",Clementina DuBuque,Rey.Padberg@karina.biz
